{
  "model": "Qwen/Qwen2.5-1.5B-Instruct",
  "vllm_version": "0.22.0",
  "gpu": "A10G",
  "block_size": 16,
  "decode_tokens": 48,
  "prompt": "Write a concise numbered list of simple facts about queueing systems.",
  "kv_cache": {
    "gpu_kv_cache_blocks": 35593,
    "gpu_kv_cache_tokens": 569488,
    "kv_block_size": 16
  },
  "measurements": [
    {
      "batch_size": 1,
      "decode_tokens": 48,
      "wall_s": 0.41442749899999853,
      "mean_step_latency_s": 0.00835537486666706,
      "observed_step_samples": 45,
      "requests": [
        {
          "request_id": 0,
          "ttft_s": 0.03750039999999899,
          "latency_s": 0.4141563230000429,
          "observed_chunks": 46,
          "step_deltas_s": [
            0.01411371700004338,
            0.0011952259999929993,
            0.00959122199998319,
            0.00891093699999601,
            0.0042789400000060596,
            0.009168934000001627,
            0.007586499000012736,
            0.009064650999960122,
            0.007696082000052229,
            0.010742326999945817,
            0.0064852960000507665,
            0.007548608999968565,
            0.006408314999987397,
            0.008048070000029384,
            0.009537291000015102,
            0.0072974130000034165,
            0.006586118999962309,
            0.010525261999987379,
            0.009460669000020516,
            0.008943868000017119,
            0.010894339999993008,
            0.0002192640000089341,
            0.013363712000000305,
            0.0025107129999923927,
            0.011152054999968186,
            0.004266569000037634,
            0.009388967999996112,
            0.005984876000013628,
            0.017334594999965702,
            0.024908605000007356,
            0.010547601999974177,
            0.0022570080000150483,
            0.009938928999986274,
            0.004271630000005189,
            0.008593770999993922,
            0.0061653500000034,
            0.008170482000025459,
            0.007469636999985596,
            0.008947679000016251,
            0.00657661799999687,
            0.00845499799999061,
            0.007591859999990902,
            0.01724896300004275,
            0.0007313959999919462,
            0.005812801999979911
          ]
        }
      ]
    }
  ],
  "fit": {
    "base_s": 0.00835537486666706,
    "scale_s": 0.0,
    "alpha": 0.05,
    "sse": 0.0,
    "formula": "decode_step_s = base_s + scale_s * (batch_size - 1) ** alpha"
  },
  "total_wall_s": 275.838461831
}